,new_amount,denomination,swap_rate,direction,profit,percent
0_trade1,1.1095298256410864,BTC,1.8492163760684773e-05,AUD to BTC,0,0
0_trade2,60685.01261905255,SGD,54694.35,BTC to SGD,0,0
0_trade3,59814.70860879458,AUD,0.9856586664038243,SGD to AUD,-185.29139120542095,-0.0030881898534236827
1_trade1,60865.200000000004,SGD,1.01442,AUD to SGD,0,0
1_trade2,1.1084025616006836,BTC,1.821077662770653e-05,SGD to BTC,0,0
1_trade3,59821.5281479968,AUD,53970.94,BTC to AUD,-178.47185200319655,-0.0029745308667199423
