,new_amount,denomination,swap_rate,direction,profit,percent
0_trade1,1.11178889056069,BTC,1.8529814842678166e-05,AUD to BTC,0,0
0_trade2,60689.6315309259,SGD,54587.37,BTC to SGD,0,0
0_trade3,59786.85009449897,AUD,0.9851246182642105,SGD to AUD,-213.14990550102812,-0.003552498425017135
1_trade1,60899.4,SGD,1.01499,AUD to SGD,0,0
1_trade2,1.1113759298056078,BTC,1.8249374046470207e-05,SGD to BTC,0,0
1_trade3,59853.59525005293,AUD,53855.4,BTC to AUD,-146.40474994706892,-0.002440079165784482
