,new_amount,denomination,swap_rate,direction,profit,percent
0_trade1,1.1095222341783517,BTC,1.849203723630586e-05,AUD to BTC,0,0
0_trade2,60702.84904968497,SGD,54710.8,BTC to SGD,0,0
0_trade3,59808.11958075684,AUD,0.9852605028769605,SGD to AUD,-191.8804192431635,-0.003198006987386058
1_trade1,60891.0,SGD,1.01485,AUD to SGD,0,0
1_trade2,1.108517714601336,BTC,1.820495171045534e-05,SGD to BTC,0,0
1_trade3,59873.63569707033,AUD,54012.34,BTC to AUD,-126.3643029296727,-0.002106071715494545
