,new_amount,denomination,swap_rate,direction,profit,percent
0_trade1,1.1105805004275735,BTC,1.8509675007126225e-05,AUD to BTC,0,0
0_trade2,60696.711571138236,SGD,54653.14,BTC to SGD,0,0
0_trade3,59823.291515018966,AUD,0.9856100926473488,SGD to AUD,-176.70848498103442,-0.0029451414163505735
1_trade1,60865.799999999996,SGD,1.01443,AUD to SGD,0,0
1_trade2,1.10937917504029,BTC,1.822664246654591e-05,SGD to BTC,0,0
1_trade3,59835.397528430825,AUD,53935.93,BTC to AUD,-164.60247156917467,-0.002743374526152911
