,new_amount,denomination,swap_rate,direction,profit,percent
0_trade1,1.1095298256410864,BTC,1.8492163760684773e-05,AUD to BTC,0,0
0_trade2,60685.01261905255,SGD,54694.35,BTC to SGD,0,0
0_trade3,59813.5294943203,AUD,0.9856392363267197,SGD to AUD,-186.4705056797029,-0.003107841761328382
1_trade1,60865.200000000004,SGD,1.01442,AUD to SGD,0,0
1_trade2,1.1084025616006836,BTC,1.821077662770653e-05,SGD to BTC,0,0
1_trade3,59820.12047674356,AUD,53969.67,BTC to AUD,-179.8795232564371,-0.0029979920542739518
