,new_amount,denomination,swap_rate,direction,profit,percent
0_trade1,1.1131169891521184,BTC,1.8551949819201974e-05,AUD to BTC,0,0
0_trade2,60690.2883696528,SGD,54522.83,BTC to SGD,0,0
0_trade3,59808.70801353332,AUD,0.9854741115950885,SGD to AUD,-191.29198646667646,-0.003188199774444608
1_trade1,60876.0,SGD,1.0146,AUD to SGD,0,0
1_trade2,1.1119042209108716,BTC,1.8265067036449036e-05,SGD to BTC,0,0
1_trade3,59842.86307409846,AUD,53820.16,BTC to AUD,-157.13692590154096,-0.002618948765025683
