,new_amount,denomination,swap_rate,direction,profit,percent
0_trade1,1.111986903759572,BTC,1.8533115062659535e-05,AUD to BTC,0,0
0_trade2,60641.4496454337,SGD,54534.32,BTC to SGD,0,0
0_trade3,59758.811992307325,AUD,0.9854449776796713,SGD to AUD,-241.18800769267546,-0.004019800128211257
1_trade1,60876.0,SGD,1.0146,AUD to SGD,0,0
1_trade2,1.111075824956826,BTC,1.825145911289878e-05,SGD to BTC,0,0
1_trade3,59773.77944936807,AUD,53798.11,BTC to AUD,-226.22055063192965,-0.0037703425105321607
