,new_amount,denomination,swap_rate,direction,profit,percent
0_trade1,1.113646513005721,BTC,1.8560775216762015e-05,AUD to BTC,0,0
0_trade2,60689.12446224795,SGD,54495.86,BTC to SGD,0,0
0_trade3,59813.455474107024,AUD,0.9855712370890168,SGD to AUD,-186.5445258929758,-0.0031090754315495966
1_trade1,60871.200000000004,SGD,1.01452,AUD to SGD,0,0
1_trade2,1.1126107288142038,BTC,1.8278113932602014e-05,SGD to BTC,0,0
1_trade3,59833.99090027754,AUD,53778.01,BTC to AUD,-166.00909972246154,-0.0027668183287076925
