,new_amount,denomination,swap_rate,direction,profit,percent
0_trade1,1.1117886845483054,BTC,1.852981140913842e-05,AUD to BTC,0,0
0_trade2,60689.62028525163,SGD,54587.37,BTC to SGD,0,0
0_trade3,59783.30537575518,AUD,0.9850663934749202,SGD to AUD,-216.69462424481753,-0.003611577070746959
1_trade1,60903.0,SGD,1.01505,AUD to SGD,0,0
1_trade2,1.1110095624206118,BTC,1.8242279730400995e-05,SGD to BTC,0,0
1_trade3,59833.89771827389,AUD,53855.43,BTC to AUD,-166.10228172611096,-0.0027683713621018493
