,new_amount,denomination,swap_rate,direction,profit,percent
0_trade1,1.113544205199472,BTC,1.8559070086657865e-05,AUD to BTC,0,0
0_trade2,60688.15918337122,SGD,54500.0,BTC to SGD,0,0
0_trade3,59794.23536466942,AUD,0.9852702103551899,SGD to AUD,-205.76463533058268,-0.0034294105888430446
1_trade1,60886.2,SGD,1.01477,AUD to SGD,0,0
1_trade2,1.1090948172220079,BTC,1.821586529003301e-05,SGD to BTC,0,0
1_trade3,59656.5354851978,AUD,53788.49,BTC to AUD,-343.46451480220276,-0.0057244085800367125
