,new_amount,denomination,swap_rate,direction,profit,percent
0_trade1,1.1101101617819045,BTC,1.8501836029698406e-05,AUD to BTC,0,0
0_trade2,60675.02468607473,SGD,54656.76,BTC to SGD,0,0
0_trade3,59798.3804289858,AUD,0.9855518104586759,SGD to AUD,-201.6195710141983,-0.0033603261835699716
1_trade1,60871.200000000004,SGD,1.01452,AUD to SGD,0,0
1_trade2,1.1053788231243524,BTC,1.8159307244219802e-05,SGD to BTC,0,0
1_trade3,59619.70115024684,AUD,53935.99,BTC to AUD,-380.29884975316236,-0.006338314162552706
