,new_amount,denomination,swap_rate,direction,profit,percent
0_trade1,1.1085884564901203,BTC,1.8476474274835338e-05,AUD to BTC,0,0
0_trade2,60687.23615594736,SGD,54742.8,BTC to SGD,0,0
0_trade3,59817.48985347779,AUD,0.9856683817296509,SGD to AUD,-182.51014652221056,-0.003041835775370176
1_trade1,60864.0,SGD,1.0144,AUD to SGD,0,0
1_trade2,1.1075866152787046,BTC,1.819772961485779e-05,SGD to BTC,0,0
1_trade3,59848.89686709707,AUD,54035.41,BTC to AUD,-151.10313290292834,-0.002518385548382139
