,new_amount,denomination,swap_rate,direction,profit,percent
0_trade1,1.108816272100556,BTC,1.8480271201675936e-05,AUD to BTC,0,0
0_trade2,60685.25954432085,SGD,54729.77,BTC to SGD,0,0
0_trade3,59817.31037083996,AUD,0.9856975288562951,SGD to AUD,-182.6896291600424,-0.003044827152667373
1_trade1,60865.200000000004,SGD,1.01442,AUD to SGD,0,0
1_trade2,1.1075858783401027,BTC,1.8197358726170332e-05,SGD to BTC,0,0
1_trade3,59845.53428868255,AUD,54032.41,BTC to AUD,-154.46571131744713,-0.0025744285219574522
