,new_amount,denomination,swap_rate,direction,profit,percent
0_trade1,1.1087644317240417,BTC,1.8479407195400696e-05,AUD to BTC,0,0
0_trade2,60685.604486356555,SGD,54732.64,BTC to SGD,0,0
0_trade3,59816.47116039601,AUD,0.9856780972470012,SGD to AUD,-183.5288396039905,-0.0030588139933998416
1_trade1,60862.2,SGD,1.01437,AUD to SGD,0,0
1_trade2,1.107531286263924,BTC,1.8197358726170332e-05,SGD to BTC,0,0
1_trade3,59842.595622552566,AUD,54032.42,BTC to AUD,-157.40437744743394,-0.0026234062907905657
