,new_amount,denomination,swap_rate,direction,profit,percent
0_trade1,1.1099298579826247,BTC,1.849883096637708e-05,AUD to BTC,0,0
0_trade2,60696.35889359971,SGD,54684.86,BTC to SGD,0,0
0_trade3,59801.13588933635,AUD,0.9852507955900175,SGD to AUD,-198.86411066364963,-0.0033144018443941603
1_trade1,60891.600000000006,SGD,1.01486,AUD to SGD,0,0
1_trade2,1.1090073288359827,BTC,1.8212813078256813e-05,SGD to BTC,0,0
1_trade3,59900.0809075809,AUD,54012.34,BTC to AUD,-99.91909241909889,-0.0016653182069849815
