,new_amount,denomination,swap_rate,direction,profit,percent
0_trade1,1.1135964935073612,BTC,1.855994155845602e-05,AUD to BTC,0,0
0_trade2,60686.398606668066,SGD,54495.86,BTC to SGD,0,0
0_trade3,59806.05349916042,AUD,0.9854935351624092,SGD to AUD,-193.94650083957822,-0.003232441680659637
1_trade1,60874.8,SGD,1.01458,AUD to SGD,0,0
1_trade2,1.112676530024361,BTC,1.8278113932602014e-05,SGD to BTC,0,0
1_trade3,59837.41829076239,AUD,53777.91,BTC to AUD,-162.58170923760918,-0.002709695153960153
