,new_amount,denomination,swap_rate,direction,profit,percent
0_trade1,1.1107416866538462,BTC,1.8512361444230772e-05,AUD to BTC,0,0
0_trade2,60687.1603444484,SGD,54636.61,BTC to SGD,0,0
0_trade3,59810.34074906708,AUD,0.9855518104586759,SGD to AUD,-189.65925093292026,-0.003160987515548671
1_trade1,60871.200000000004,SGD,1.01452,AUD to SGD,0,0
1_trade2,1.1097037275247041,BTC,1.8230357336880233e-05,SGD to BTC,0,0
1_trade3,59932.8456250424,AUD,54007.97,BTC to AUD,-67.15437495760125,-0.0011192395826266875
