,new_amount,denomination,swap_rate,direction,profit,percent
0_trade1,1.1135433785462876,BTC,1.8559056309104792e-05,AUD to BTC,0,0
0_trade2,60620.566589430055,SGD,54439.34,BTC to SGD,0,0
0_trade3,59788.31326872935,AUD,0.9862711062016728,SGD to AUD,-211.68673127065267,-0.003528112187844211
1_trade1,60825.6,SGD,1.01376,AUD to SGD,0,0
1_trade2,1.1128398404625124,BTC,1.8295583446156097e-05,SGD to BTC,0,0
1_trade3,59821.17301679534,AUD,53755.42,BTC to AUD,-178.82698320465715,-0.002980449720077619
