,new_amount,denomination,swap_rate,direction,profit,percent
0_trade1,1.1115989795521366,BTC,1.8526649659202277e-05,AUD to BTC,0,0
0_trade2,60679.26478843492,SGD,54587.37,BTC to SGD,0,0
0_trade3,59773.69333441848,AUD,0.9850760971285032,SGD to AUD,-226.30666558152006,-0.003771777759692001
1_trade1,60901.200000000004,SGD,1.01502,AUD to SGD,0,0
1_trade2,1.110976726317097,BTC,1.8242279730400995e-05,SGD to BTC,0,0
1_trade3,59840.206116599904,AUD,53862.7,BTC to AUD,-159.7938834000961,-0.0026632313900016016
