,new_amount,denomination,swap_rate,direction,profit,percent
0_trade1,1.1089597292363924,BTC,1.8482662153939874e-05,AUD to BTC,0,0
0_trade2,60693.110920370025,SGD,54729.77,BTC to SGD,0,0
0_trade3,59818.56352168301,AUD,0.9855906644852259,SGD to AUD,-181.43647831698763,-0.0030239413052831274
1_trade1,60869.399999999994,SGD,1.01449,AUD to SGD,0,0
1_trade2,1.1076623072467524,BTC,1.8197358726170332e-05,SGD to BTC,0,0
1_trade3,59849.6639267025,AUD,54032.41,BTC to AUD,-150.33607329749793,-0.0025056012216249654
