,new_amount,denomination,swap_rate,direction,profit,percent
0_trade1,1.1097221089380904,BTC,1.8495368482301507e-05,AUD to BTC,0,0
0_trade2,60687.48394370824,SGD,54687.1,BTC to SGD,0,0
0_trade3,59815.37576505375,AUD,0.9856295215754302,SGD to AUD,-184.62423494624818,-0.0030770705824374697
1_trade1,60867.6,SGD,1.01446,AUD to SGD,0,0
1_trade2,1.10844626746459,BTC,1.821077662770653e-05,SGD to BTC,0,0
1_trade3,59809.88731819726,AUD,53958.31,BTC to AUD,-190.11268180274055,-0.0031685446967123425
