,new_amount,denomination,swap_rate,direction,profit,percent
0_trade1,1.1128044285165037,BTC,1.854674047527506e-05,AUD to BTC,0,0
0_trade2,60673.24667925249,SGD,54522.83,BTC to SGD,0,0
0_trade3,59792.5031084648,AUD,0.9854838232830408,SGD to AUD,-207.49689153520012,-0.0034582815255866685
1_trade1,60876.0,SGD,1.0146,AUD to SGD,0,0
1_trade2,1.1119042209108716,BTC,1.8265067036449036e-05,SGD to BTC,0,0
1_trade3,59845.36485859551,AUD,53822.41,BTC to AUD,-154.63514140449115,-0.002577252356741519
