,new_amount,denomination,swap_rate,direction,profit,percent
0_trade1,1.113620055851758,BTC,1.8560334264195965e-05,AUD to BTC,0,0
0_trade2,60687.682656889585,SGD,54495.86,BTC to SGD,0,0
0_trade3,59810.266053879175,AUD,0.9855420974306918,SGD to AUD,-189.73394612082484,-0.0031622324353470805
1_trade1,60872.4,SGD,1.01454,AUD to SGD,0,0
1_trade2,1.1126326625509229,BTC,1.8278113932602014e-05,SGD to BTC,0,0
1_trade3,59857.534369507426,AUD,53798.11,BTC to AUD,-142.46563049257384,-0.002374427174876231
