,new_amount,denomination,swap_rate,direction,profit,percent
0_trade1,1.1095400845395575,BTC,1.849233474232596e-05,AUD to BTC,0,0
0_trade2,60700.13088874531,SGD,54707.47,BTC to SGD,0,0
0_trade3,59828.43065411486,AUD,0.9856392363267197,SGD to AUD,-171.56934588513832,-0.002859489098085639
1_trade1,60866.4,SGD,1.01444,AUD to SGD,0,0
1_trade2,1.108425423797027,BTC,1.82107932093409e-05,SGD to BTC,0,0
1_trade3,59864.40558539597,AUD,54008.51,BTC to AUD,-135.5944146040274,-0.0022599069100671236
