,new_amount,denomination,swap_rate,direction,profit,percent
0_trade1,1.1117886845483054,BTC,1.852981140913842e-05,AUD to BTC,0,0
0_trade2,60689.62028525163,SGD,54587.37,BTC to SGD,0,0
0_trade3,59782.71647630607,AUD,0.9850566900125103,SGD to AUD,-217.28352369392815,-0.003621392061565469
1_trade1,60901.8,SGD,1.01503,AUD to SGD,0,0
1_trade2,1.1109876716849354,BTC,1.8242279730400995e-05,SGD to BTC,0,0
1_trade3,59832.74100304445,AUD,53855.45,BTC to AUD,-167.25899695554835,-0.0027876499492591393
