,new_amount,denomination,swap_rate,direction,profit,percent
0_trade1,1.2498390832180357,BTC,2.4996781664360713e-05,USD to BTC,0,0
0_trade2,66907.14820466866,AUD,53532.61,BTC to AUD,0,0
0_trade3,49695.284329017646,USD,0.74275,AUD to USD,-304.7156709823539,-0.006094313419647078
1_trade1,67309.24559797534,AUD,1.3461849119595068,USD to AUD,0,0
1_trade2,1.253867885775013,BTC,1.862846440538221e-05,AUD to BTC,0,0
1_trade3,49704.72732415359,USD,39641.12,BTC to USD,-295.2726758464123,-0.0059054535169282465
