,new_amount,denomination,swap_rate,direction,profit,percent
0_trade1,1.1089537852751266,BTC,1.8482563087918778e-05,AUD to BTC,0,0
0_trade2,60692.774519199214,SGD,54729.76,BTC to SGD,0,0
0_trade3,59824.71786300698,AUD,0.9856975288562951,SGD to AUD,-175.28213699301705,-0.0029213689498836177
1_trade1,60863.399999999994,SGD,1.01439,AUD to SGD,0,0
1_trade2,1.1075531230943954,BTC,1.8197358726170332e-05,SGD to BTC,0,0
1_trade3,59843.77551934807,AUD,54032.42,BTC to AUD,-156.2244806519302,-0.0026037413441988367
