,new_amount,denomination,swap_rate,direction,profit,percent
0_trade1,1.1088240588208989,BTC,1.8480400980348313e-05,AUD to BTC,0,0
0_trade2,60694.68936109189,SGD,54737.89,BTC to SGD,0,0
0_trade3,59827.19503311178,AUD,0.9857072449482505,SGD to AUD,-172.80496688822313,-0.0028800827814703858
1_trade1,60862.2,SGD,1.01437,AUD to SGD,0,0
1_trade2,1.107531286263924,BTC,1.8197358726170332e-05,SGD to BTC,0,0
1_trade3,59842.58454723971,AUD,54032.41,BTC to AUD,-157.41545276028774,-0.002623590879338129
