,new_amount,denomination,swap_rate,direction,profit,percent
0_trade1,1.1144898729091473,BTC,1.8574831215152456e-05,AUD to BTC,0,0
0_trade2,60649.123481577204,SGD,54418.73,BTC to SGD,0,0
0_trade3,59822.968289499215,AUD,0.9863781181878261,SGD to AUD,-177.03171050078527,-0.002950528508346421
1_trade1,60820.799999999996,SGD,1.01368,AUD to SGD,0,0
1_trade2,1.1132489896327535,BTC,1.830375446611609e-05,SGD to BTC,0,0
1_trade3,59878.735307503084,AUD,53787.37,BTC to AUD,-121.26469249691581,-0.0020210782082819303
