,new_amount,denomination,swap_rate,direction,profit,percent
0_trade1,1.1125250480379043,BTC,1.8542084133965074e-05,AUD to BTC,0,0
0_trade2,60608.18406801087,SGD,54478.04,BTC to SGD,0,0
0_trade3,59783.76593575679,AUD,0.98639757740755,SGD to AUD,-216.23406424321,-0.0036039010707201668
1_trade1,60819.6,SGD,1.01366,AUD to SGD,0,0
1_trade2,1.1121548425226297,BTC,1.8286125566801322e-05,SGD to BTC,0,0
1_trade3,59876.77073225145,AUD,53838.52,BTC to AUD,-123.22926774855296,-0.0020538211291425495
