,new_amount,denomination,swap_rate,direction,profit,percent
0_trade1,1.1127695498772987,BTC,1.8546159164621646e-05,AUD to BTC,0,0
0_trade2,60674.071282533674,SGD,54525.28,BTC to SGD,0,0
0_trade3,59785.06733131699,AUD,0.9853478770679989,SGD to AUD,-214.93266868300998,-0.0035822111447168328
1_trade1,60884.4,SGD,1.01474,AUD to SGD,0,0
1_trade2,1.108107271883446,BTC,1.82001838218566e-05,SGD to BTC,0,0
1_trade3,59650.42282310331,AUD,53830.91,BTC to AUD,-349.5771768966879,-0.005826286281611465
