,new_amount,denomination,swap_rate,direction,profit,percent
0_trade1,1.1113302901405555,BTC,1.852217150234259e-05,AUD to BTC,0,0
0_trade2,60705.07238927678,SGD,54623.79,BTC to SGD,0,0
0_trade3,59803.82869090485,AUD,0.9851537332400722,SGD to AUD,-196.17130909515254,-0.003269521818252542
1_trade1,60896.399999999994,SGD,1.01494,AUD to SGD,0,0
1_trade2,1.1102902459338,BTC,1.8232444708288177e-05,SGD to BTC,0,0
1_trade3,59825.114250405844,AUD,53882.41,BTC to AUD,-174.88574959415564,-0.0029147624932359274
