,new_amount,denomination,swap_rate,direction,profit,percent
0_trade1,1.1102607336306858,BTC,1.850434556051143e-05,AUD to BTC,0,0
0_trade2,60679.23531162058,SGD,54653.14,BTC to SGD,0,0
0_trade3,59807.83515343503,AUD,0.9856392363267197,SGD to AUD,-192.1648465649705,-0.003202747442749508
1_trade1,60865.200000000004,SGD,1.01442,AUD to SGD,0,0
1_trade2,1.109088868221032,BTC,1.8222052473680067e-05,SGD to BTC,0,0
1_trade3,59819.717378371446,AUD,53935.91,BTC to AUD,-180.2826216285539,-0.003004710360475898
