,new_amount,denomination,swap_rate,direction,profit,percent
0_trade1,1.1097325766436803,BTC,1.8495542944061338e-05,AUD to BTC,0,0
0_trade2,60714.357054237065,SGD,54710.8,BTC to SGD,0,0
0_trade3,59822.404995750425,AUD,0.9853090421810801,SGD to AUD,-177.59500424957514,-0.002959916737492919
1_trade1,60889.200000000004,SGD,1.01482,AUD to SGD,0,0
1_trade2,1.1085220779755125,BTC,1.8205561544173885e-05,SGD to BTC,0,0
1_trade3,59839.68455223513,AUD,53981.5,BTC to AUD,-160.31544776487135,-0.0026719241294145225
