,new_amount,denomination,swap_rate,direction,profit,percent
0_trade1,1.1115993914363864,BTC,1.8526656523939775e-05,AUD to BTC,0,0
0_trade2,60679.28727211286,SGD,54587.37,BTC to SGD,0,0
0_trade3,59771.94908500252,AUD,0.9850469867412676,SGD to AUD,-228.05091499748232,-0.003800848583291372
1_trade1,60901.200000000004,SGD,1.01502,AUD to SGD,0,0
1_trade2,1.110976726317097,BTC,1.8242279730400995e-05,SGD to BTC,0,0
1_trade3,59840.21722636717,AUD,53862.71,BTC to AUD,-159.7827736328327,-0.002663046227213878
