,new_amount,denomination,swap_rate,direction,profit,percent
0_trade1,1.11002123470622,BTC,1.8500353911770332e-05,AUD to BTC,0,0
0_trade2,60701.35581693678,SGD,54684.86,BTC to SGD,0,0
0_trade3,59801.93471876654,AUD,0.9851828499369484,SGD to AUD,-198.06528123345925,-0.0033010880205576543
1_trade1,60895.80000000001,SGD,1.01493,AUD to SGD,0,0
1_trade2,1.1090838226509114,BTC,1.8212813078256813e-05,SGD to BTC,0,0
1_trade3,59904.212517520726,AUD,54012.34,BTC to AUD,-95.78748247927433,-0.0015964580413212388
