,new_amount,denomination,swap_rate,direction,profit,percent
0_trade1,1.1082174322602094,BTC,1.8470290537670156e-05,AUD to BTC,0,0
0_trade2,60672.49958441846,SGD,54747.83,BTC to SGD,0,0
0_trade3,59814.16629804156,AUD,0.9858530093163108,SGD to AUD,-185.83370195844327,-0.0030972283659740545
1_trade1,60852.600000000006,SGD,1.01421,AUD to SGD,0,0
1_trade2,1.1072002422090368,BTC,1.81947894125976e-05,SGD to BTC,0,0
1_trade3,59791.50357587655,AUD,54002.43,BTC to AUD,-208.49642412344838,-0.003474940402057473
