,new_amount,denomination,swap_rate,direction,profit,percent
0_trade1,1.1132342962995534,BTC,1.855390493832589e-05,AUD to BTC,0,0
0_trade2,60696.68428731018,SGD,54522.83,BTC to SGD,0,0
0_trade3,59813.83212514306,AUD,0.9854546887934091,SGD to AUD,-186.1678748569393,-0.0031027979142823217
1_trade1,60878.4,SGD,1.01464,AUD to SGD,0,0
1_trade2,1.1122086929578423,BTC,1.8269348290326983e-05,SGD to BTC,0,0
1_trade3,59871.639813221496,AUD,53831.3,BTC to AUD,-128.3601867785037,-0.002139336446308395
