,new_amount,denomination,swap_rate,direction,profit,percent
0_trade1,1.1117600495696747,BTC,1.8529334159494578e-05,AUD to BTC,0,0
0_trade2,60680.90855995944,SGD,54580.94,BTC to SGD,0,0
0_trade3,59804.76869852603,AUD,0.9855615236781156,SGD to AUD,-195.23130147397023,-0.0032538550245661707
1_trade1,60872.4,SGD,1.01454,AUD to SGD,0,0
1_trade2,1.1109095521314862,BTC,1.824980700829089e-05,SGD to BTC,0,0
1_trade3,59845.70850101561,AUD,53870.91,BTC to AUD,-154.2914989843921,-0.0025715249830732013
