,new_amount,denomination,swap_rate,direction,profit,percent
0_trade1,1.1139072245237815,BTC,1.856512040872969e-05,AUD to BTC,0,0
0_trade2,60707.94373654609,SGD,54500.0,BTC to SGD,0,0
0_trade3,59816.67527494935,AUD,0.9853187506158243,SGD to AUD,-183.32472505064652,-0.003055412084177442
1_trade1,60883.799999999996,SGD,1.01473,AUD to SGD,0,0
1_trade2,1.1091848546690524,BTC,1.8218062188448365e-05,SGD to BTC,0,0
1_trade3,59720.73094509112,AUD,53842.0,BTC to AUD,-279.2690549088802,-0.004654484248481337
