,new_amount,denomination,swap_rate,direction,profit,percent
0_trade1,1.1089537852751266,BTC,1.8482563087918778e-05,AUD to BTC,0,0
0_trade2,60696.045932865774,SGD,54732.71,BTC to SGD,0,0
0_trade3,59826.76306552372,AUD,0.9856780972470012,SGD to AUD,-173.23693447627738,-0.0028872822412712895
1_trade1,60862.8,SGD,1.01438,AUD to SGD,0,0
1_trade2,1.1075422046791599,BTC,1.8197358726170332e-05,SGD to BTC,0,0
1_trade3,59843.18557095033,AUD,54032.42,BTC to AUD,-156.81442904967116,-0.0026135738174945192
