,new_amount,denomination,swap_rate,direction,profit,percent
0_trade1,1.1131405312092137,BTC,1.855234218682023e-05,AUD to BTC,0,0
0_trade2,60691.571949229656,SGD,54522.83,BTC to SGD,0,0
0_trade3,59809.97294797649,AUD,0.9854741115950885,SGD to AUD,-190.02705202351353,-0.0031671175337252256
1_trade1,60876.0,SGD,1.0146,AUD to SGD,0,0
1_trade2,1.1119042209108716,BTC,1.8265067036449036e-05,SGD to BTC,0,0
1_trade3,59842.87419314066,AUD,53820.17,BTC to AUD,-157.1258068593379,-0.002618763447655632
