,new_amount,denomination,swap_rate,direction,profit,percent
0_trade1,1.1097475601737494,BTC,1.849579266956249e-05,AUD to BTC,0,0
0_trade2,60715.17681515397,SGD,54710.8,BTC to SGD,0,0
0_trade3,59820.26564116218,AUD,0.9852605028769605,SGD to AUD,-179.73435883782076,-0.0029955726472970126
1_trade1,60891.600000000006,SGD,1.01486,AUD to SGD,0,0
1_trade2,1.1085657713232187,BTC,1.8205561544173885e-05,SGD to BTC,0,0
1_trade3,59842.05427034204,AUD,53981.51,BTC to AUD,-157.9457296579567,-0.0026324288276326113
