,new_amount,denomination,swap_rate,direction,profit,percent
0_trade1,1.1088240588208989,BTC,1.8480400980348313e-05,AUD to BTC,0,0
0_trade2,60688.85694654249,SGD,54732.63,BTC to SGD,0,0
0_trade3,59823.21502512887,AUD,0.9857363943734166,SGD to AUD,-176.78497487113054,-0.0029464162478521757
1_trade1,60861.00000000001,SGD,1.01435,AUD to SGD,0,0
1_trade2,1.1075094494334528,BTC,1.8197358726170332e-05,SGD to BTC,0,0
1_trade3,59841.41572575708,AUD,54032.42,BTC to AUD,-158.58427424292313,-0.0026430712373820523
