,new_amount,denomination,swap_rate,direction,profit,percent
0_trade1,1.1128060796305483,BTC,1.8546767993842473e-05,AUD to BTC,0,0
0_trade2,60698.85334606878,SGD,54545.76,BTC to SGD,0,0
0_trade3,59813.61189009537,AUD,0.9854158454867955,SGD to AUD,-186.38810990462662,-0.003106468498410444
1_trade1,60879.59999999999,SGD,1.01466,AUD to SGD,0,0
1_trade2,1.1080199110011009,BTC,1.82001838218566e-05,SGD to BTC,0,0
1_trade3,59632.98895853086,AUD,53819.42,BTC to AUD,-367.0110414691371,-0.006116850691152286
