,new_amount,denomination,swap_rate,direction,profit,percent
0_trade1,1.1088056167657323,BTC,1.8480093612762205e-05,AUD to BTC,0,0
0_trade2,60682.27027210829,SGD,54727.6,BTC to SGD,0,0
0_trade3,59820.850031652495,AUD,0.9858044164037855,SGD to AUD,-179.1499683475049,-0.0029858328057917483
1_trade1,60856.2,SGD,1.01427,AUD to SGD,0,0
1_trade2,1.1078307370683722,BTC,1.8204073489116513e-05,SGD to BTC,0,0
1_trade3,59836.49719806541,AUD,54012.31,BTC to AUD,-163.50280193459184,-0.002725046698909864
