,new_amount,denomination,swap_rate,direction,profit,percent
0_trade1,1.1088689370511737,BTC,1.8481148950852894e-05,AUD to BTC,0,0
0_trade2,60688.141884955214,SGD,54729.77,BTC to SGD,0,0
0_trade3,59818.97221861869,AUD,0.9856780972470012,SGD to AUD,-181.02778138130816,-0.0030171296896884694
1_trade1,60863.399999999994,SGD,1.01439,AUD to SGD,0,0
1_trade2,1.1075531230943954,BTC,1.8197358726170332e-05,SGD to BTC,0,0
1_trade3,59843.76444381684,AUD,54032.41,BTC to AUD,-156.2355561831573,-0.0026039259363859553
