,new_amount,denomination,swap_rate,direction,profit,percent
0_trade1,1.1104027153047733,BTC,1.850671192174622e-05,AUD to BTC,0,0
0_trade2,60674.158800542995,SGD,54641.58,BTC to SGD,0,0
0_trade3,59833.49815151423,AUD,0.986144667422711,SGD to AUD,-166.50184848577192,-0.0027750308080961984
1_trade1,60835.8,SGD,1.01393,AUD to SGD,0,0
1_trade2,1.104799581440192,BTC,1.81603526449918e-05,SGD to BTC,0,0
1_trade3,59659.17739777037,AUD,54000.0,BTC to AUD,-340.8226022296294,-0.005680376703827157
