,new_amount,denomination,swap_rate,direction,profit,percent
0_trade1,1.110565905515644,BTC,1.850943175859407e-05,AUD to BTC,0,0
0_trade2,60695.90280771421,SGD,54653.13,BTC to SGD,0,0
0_trade3,59824.852948779975,AUD,0.9856489512695159,SGD to AUD,-175.14705122002488,-0.002919117520333748
1_trade1,60865.200000000004,SGD,1.01442,AUD to SGD,0,0
1_trade2,1.1093682390548103,BTC,1.822664246654591e-05,SGD to BTC,0,0
1_trade3,59913.65048663314,AUD,54007.0,BTC to AUD,-86.34951336686208,-0.0014391585561143682
