,new_amount,denomination,swap_rate,direction,profit,percent
0_trade1,1.1099298579826247,BTC,1.849883096637708e-05,AUD to BTC,0,0
0_trade2,60696.35889359971,SGD,54684.86,BTC to SGD,0,0
0_trade3,59800.54670397418,AUD,0.9852410884943545,SGD to AUD,-199.45329602582206,-0.003324221600430368
1_trade1,60891.0,SGD,1.01485,AUD to SGD,0,0
1_trade2,1.1089964011481357,BTC,1.8212813078256813e-05,SGD to BTC,0,0
1_trade3,59899.49067758949,AUD,54012.34,BTC to AUD,-100.5093224105076,-0.0016751553735084598
