,new_amount,denomination,swap_rate,direction,profit,percent
0_trade1,1.1121790089187487,BTC,1.853631681531248e-05,AUD to BTC,0,0
0_trade2,60686.91512127848,SGD,54565.78,BTC to SGD,0,0
0_trade3,59809.509615223156,AUD,0.9855420974306918,SGD to AUD,-190.4903847768437,-0.0031748397462807287
1_trade1,60873.59999999999,SGD,1.01456,AUD to SGD,0,0
1_trade2,1.110931451899896,BTC,1.824980700829089e-05,SGD to BTC,0,0
1_trade3,59820.78137234899,AUD,53847.41,BTC to AUD,-179.21862765101105,-0.002986977127516851
