,new_amount,denomination,swap_rate,direction,profit,percent
0_trade1,1.1117600495696747,BTC,1.8529334159494578e-05,AUD to BTC,0,0
0_trade2,60680.85297195696,SGD,54580.89,BTC to SGD,0,0
0_trade3,59804.71391312961,AUD,0.9855615236781156,SGD to AUD,-195.2860868703865,-0.0032547681145064416
1_trade1,60872.4,SGD,1.01454,AUD to SGD,0,0
1_trade2,1.1109095521314862,BTC,1.824980700829089e-05,SGD to BTC,0,0
1_trade3,59840.18728054151,AUD,53865.94,BTC to AUD,-159.81271945848857,-0.002663545324308143
