,new_amount,denomination,swap_rate,direction,profit,percent
0_trade1,1.110522123081388,BTC,1.8508702051356465e-05,AUD to BTC,0,0
0_trade2,60688.52371631046,SGD,54648.64,BTC to SGD,0,0
0_trade3,59799.308006257415,AUD,0.9853478770679989,SGD to AUD,-200.6919937425846,-0.00334486656237641
1_trade1,60885.600000000006,SGD,1.01476,AUD to SGD,0,0
1_trade2,1.109518016346756,BTC,1.8222995525161218e-05,SGD to BTC,0,0
1_trade3,59845.52671629639,AUD,53938.31,BTC to AUD,-154.47328370361356,-0.002574554728393559
