,new_amount,denomination,swap_rate,direction,profit,percent
0_trade1,1.112846533455227,BTC,1.8547442224253785e-05,AUD to BTC,0,0
0_trade2,60645.52888866137,SGD,54495.86,BTC to SGD,0,0
0_trade3,59766.9546552295,AUD,0.9855129594954174,SGD to AUD,-233.04534477050038,-0.0038840890795083394
1_trade1,60873.59999999999,SGD,1.01456,AUD to SGD,0,0
1_trade2,1.1124839931116695,BTC,1.8275311351910674e-05,SGD to BTC,0,0
1_trade3,59849.53623466084,AUD,53798.11,BTC to AUD,-150.4637653391619,-0.002507729422319365
