,new_amount,denomination,swap_rate,direction,profit,percent
0_trade1,1.1135793390943742,BTC,1.8559655651572903e-05,AUD to BTC,0,0
0_trade2,60685.46376217955,SGD,54495.86,BTC to SGD,0,0
0_trade3,59807.48981174316,AUD,0.9855323845941577,SGD to AUD,-192.5101882568415,-0.003208503137614025
1_trade1,60873.59999999999,SGD,1.01456,AUD to SGD,0,0
1_trade2,1.1126545962876417,BTC,1.8278113932602014e-05,SGD to BTC,0,0
1_trade3,59858.70323654218,AUD,53798.1,BTC to AUD,-141.29676345782354,-0.0023549460576303923
