,new_amount,denomination,swap_rate,direction,profit,percent
0_trade1,1.1088918898789035,BTC,1.8481531497981726e-05,AUD to BTC,0,0
0_trade2,60689.39808793771,SGD,54729.77,BTC to SGD,0,0
0_trade3,59821.38972305616,AUD,0.9856975288562951,SGD to AUD,-178.61027694383665,-0.002976837949063944
1_trade1,60865.200000000004,SGD,1.01442,AUD to SGD,0,0
1_trade2,1.1075858783401027,BTC,1.8197358726170332e-05,SGD to BTC,0,0
1_trade3,59845.52321282377,AUD,54032.4,BTC to AUD,-154.47678717623057,-0.002574613119603843
