,new_amount,denomination,swap_rate,direction,profit,percent
0_trade1,1.1095400845395575,BTC,1.849233474232596e-05,AUD to BTC,0,0
0_trade2,60700.09760254277,SGD,54707.44,BTC to SGD,0,0
0_trade3,59826.6288217453,AUD,0.9856100926473488,SGD to AUD,-173.3711782547034,-0.00288951963757839
1_trade1,60868.2,SGD,1.01447,AUD to SGD,0,0
1_trade2,1.1084582032248036,BTC,1.82107932093409e-05,SGD to BTC,0,0
1_trade3,59866.17595344884,AUD,54008.51,BTC to AUD,-133.8240465511626,-0.00223040077585271
