,new_amount,denomination,swap_rate,direction,profit,percent
0_trade1,1.1115380240484956,BTC,1.8525633734141593e-05,AUD to BTC,0,0
0_trade2,60703.55910770173,SGD,54612.22,BTC to SGD,0,0
0_trade3,59799.39229618343,AUD,0.9851052092363464,SGD to AUD,-200.60770381656766,-0.0033434617302761276
1_trade1,60899.4,SGD,1.01499,AUD to SGD,0,0
1_trade2,1.110524336769732,BTC,1.8235390443415403e-05,SGD to BTC,0,0
1_trade3,59819.58166114196,AUD,53866.07,BTC to AUD,-180.41833885804226,-0.0030069723143007045
