,new_amount,denomination,swap_rate,direction,profit,percent
0_trade1,1.1107416866538462,BTC,1.8512361444230772e-05,AUD to BTC,0,0
0_trade2,60682.12868460786,SGD,54632.08,BTC to SGD,0,0
0_trade3,59805.971206433605,AUD,0.9855615236781156,SGD to AUD,-194.0287935663946,-0.0032338132261065765
1_trade1,60872.4,SGD,1.01454,AUD to SGD,0,0
1_trade2,1.1097256039535084,BTC,1.8230357336880233e-05,SGD to BTC,0,0
1_trade3,59934.02712655297,AUD,54007.97,BTC to AUD,-65.97287344703363,-0.001099547890783894
