,new_amount,denomination,swap_rate,direction,profit,percent
0_trade1,1.1104277867527075,BTC,1.8507129779211792e-05,AUD to BTC,0,0
0_trade2,60633.53236517602,SGD,54603.76,BTC to SGD,0,0
0_trade3,59756.8986618073,AUD,0.9855420974306918,SGD to AUD,-243.10133819269686,-0.004051688969878281
1_trade1,60872.4,SGD,1.01454,AUD to SGD,0,0
1_trade2,1.110363034449447,BTC,1.824082892163685e-05,SGD to BTC,0,0
1_trade3,59832.71157269326,AUD,53885.72,BTC to AUD,-167.28842730673932,-0.002788140455112322
