,new_amount,denomination,swap_rate,direction,profit,percent
0_trade1,1.1107396304124955,BTC,1.851232717354159e-05,AUD to BTC,0,0
0_trade2,60689.280585048786,SGD,54638.62,BTC to SGD,0,0
0_trade3,59809.483088812354,AUD,0.9855032472331996,SGD to AUD,-190.51691118764575,-0.0031752818531274292
1_trade1,60873.00000000001,SGD,1.01455,AUD to SGD,0,0
1_trade2,1.1097049828712435,BTC,1.8229838891975807e-05,SGD to BTC,0,0
1_trade3,59932.913423760634,AUD,54007.97,BTC to AUD,-67.08657623936597,-0.0011181096039894328
