,new_amount,denomination,swap_rate,direction,profit,percent
0_trade1,1.10905135628663,BTC,1.8484189271443832e-05,AUD to BTC,0,0
0_trade2,60695.7079157986,SGD,54727.59,BTC to SGD,0,0
0_trade3,59834.09692014846,AUD,0.9858044164037855,SGD to AUD,-165.90307985153777,-0.0027650513308589628
1_trade1,60856.2,SGD,1.01427,AUD to SGD,0,0
1_trade2,1.1078307370683722,BTC,1.8204073489116513e-05,SGD to BTC,0,0
1_trade3,59836.48611975805,AUD,54012.3,BTC to AUD,-163.5138802419533,-0.0027252313373658885
