,new_amount,denomination,swap_rate,direction,profit,percent
0_trade1,1.1084119228175833,BTC,1.847353204695972e-05,AUD to BTC,0,0
0_trade2,60683.18077274785,SGD,54747.86,BTC to SGD,0,0
0_trade3,59820.56817959804,AUD,0.9857849805800358,SGD to AUD,-179.43182040195825,-0.0029905303400326374
1_trade1,60856.2,SGD,1.01427,AUD to SGD,0,0
1_trade2,1.1074446729877085,BTC,1.819772961485779e-05,SGD to BTC,0,0
1_trade3,59842.88812421624,AUD,54036.91,BTC to AUD,-157.1118757837612,-0.002618531263062687
