,new_amount,denomination,swap_rate,direction,profit,percent
0_trade1,1.1095700416088765,BTC,1.849283402681461e-05,AUD to BTC,0,0
0_trade2,60701.80305131761,SGD,54707.5,BTC to SGD,0,0
0_trade3,59830.07880315564,AUD,0.9856392363267197,SGD to AUD,-169.9211968443633,-0.002832019947406055
1_trade1,60866.4,SGD,1.01444,AUD to SGD,0,0
1_trade2,1.108425423797027,BTC,1.82107932093409e-05,SGD to BTC,0,0
1_trade3,59864.40558539597,AUD,54008.51,BTC to AUD,-135.5944146040274,-0.0022599069100671236
