,new_amount,denomination,swap_rate,direction,profit,percent
0_trade1,1.1117886845483054,BTC,1.852981140913842e-05,AUD to BTC,0,0
0_trade2,60689.62028525163,SGD,54587.37,BTC to SGD,0,0
0_trade3,59782.71647630607,AUD,0.9850566900125103,SGD to AUD,-217.28352369392815,-0.003621392061565469
1_trade1,60903.0,SGD,1.01505,AUD to SGD,0,0
1_trade2,1.1110095624206118,BTC,1.8242279730400995e-05,SGD to BTC,0,0
1_trade3,59833.88660817826,AUD,53855.42,BTC to AUD,-166.11339182173833,-0.0027685565303623054
