,new_amount,denomination,swap_rate,direction,profit,percent
0_trade1,1.1089138189143735,BTC,1.8481896981906223e-05,AUD to BTC,0,0
0_trade2,60659.3490675883,SGD,54701.59,BTC to SGD,0,0
0_trade3,59783.520492375006,AUD,0.9855615236781156,SGD to AUD,-216.47950762499386,-0.0036079917937498975
1_trade1,60871.200000000004,SGD,1.01452,AUD to SGD,0,0
1_trade2,1.1085534127547236,BTC,1.8211459816049686e-05,SGD to BTC,0,0
1_trade3,59861.88428875508,AUD,54000.0,BTC to AUD,-138.11571124492184,-0.002301928520748697
