,new_amount,denomination,swap_rate,direction,profit,percent
0_trade1,1.1089599342017107,BTC,1.848266557002851e-05,AUD to BTC,0,0
0_trade2,60693.12213807476,SGD,54729.77,BTC to SGD,0,0
0_trade3,59823.88114503737,AUD,0.9856780972470012,SGD to AUD,-176.1188549626313,-0.0029353142493771882
1_trade1,60863.399999999994,SGD,1.01439,AUD to SGD,0,0
1_trade2,1.1075531230943954,BTC,1.8197358726170332e-05,SGD to BTC,0,0
1_trade3,59843.76444381684,AUD,54032.41,BTC to AUD,-156.2355561831573,-0.0026039259363859553
