,new_amount,denomination,swap_rate,direction,profit,percent
0_trade1,1.1094955622951248,BTC,1.8491592704918748e-05,AUD to BTC,0,0
0_trade2,60691.94800238098,SGD,54702.29,BTC to SGD,0,0
0_trade3,59819.77567306765,AUD,0.9856295215754302,SGD to AUD,-180.2243269323517,-0.0030037387822058614
1_trade1,60867.6,SGD,1.01446,AUD to SGD,0,0
1_trade2,1.108447276748878,BTC,1.82107932093409e-05,SGD to BTC,0,0
1_trade3,59865.58583076455,AUD,54008.51,BTC to AUD,-134.4141692354533,-0.0022402361539242215
