,new_amount,denomination,swap_rate,direction,profit,percent
0_trade1,1.1113202039494838,BTC,1.8522003399158064e-05,AUD to BTC,0,0
0_trade2,60635.18617576937,SGD,54561.4,BTC to SGD,0,0
0_trade3,59738.511123801116,AUD,0.9852119683549916,SGD to AUD,-261.4888761988841,-0.004358147936648069
1_trade1,60892.2,SGD,1.01487,AUD to SGD,0,0
1_trade2,1.1115185781546026,BTC,1.8253874521771307e-05,SGD to BTC,0,0
1_trade3,59846.38328500011,AUD,53842.0,BTC to AUD,-153.61671499988734,-0.0025602785833314557
