,new_amount,denomination,swap_rate,direction,profit,percent
0_trade1,1.111298591299384,BTC,1.8521643188323068e-05,AUD to BTC,0,0
0_trade2,60675.925142186024,SGD,54599.12,BTC to SGD,0,0
0_trade3,59783.359583602825,AUD,0.9852896258855289,SGD to AUD,-216.6404163971747,-0.0036106736066195784
1_trade1,60886.8,SGD,1.01478,AUD to SGD,0,0
1_trade2,1.1107140374889795,BTC,1.8242279730400995e-05,SGD to BTC,0,0
1_trade3,59825.66823714453,AUD,53862.35,BTC to AUD,-174.33176285547233,-0.002905529380924539
