,new_amount,denomination,swap_rate,direction,profit,percent
0_trade1,1.1131167826472514,BTC,1.8551946377454192e-05,AUD to BTC,0,0
0_trade2,60690.27711042304,SGD,54522.83,BTC to SGD,0,0
0_trade3,59807.5181426377,AUD,0.9854546887934091,SGD to AUD,-192.4818573622979,-0.003208030956038298
1_trade1,60878.4,SGD,1.01464,AUD to SGD,0,0
1_trade2,1.111948057071759,BTC,1.8265067036449036e-05,SGD to BTC,0,0
1_trade3,59857.60944464699,AUD,53831.3,BTC to AUD,-142.39055535301304,-0.0023731759225502176
