,new_amount,denomination,swap_rate,direction,profit,percent
0_trade1,1.1165470410572955,BTC,1.8609117350954926e-05,AUD to BTC,0,0
0_trade2,60623.15606908448,SGD,54295.21,BTC to SGD,0,0
0_trade3,59791.456903556005,AUD,0.9862808336045604,SGD to AUD,-208.54309644399473,-0.003475718274066579
1_trade1,60824.40000000001,SGD,1.01374,AUD to SGD,0,0
1_trade2,1.1154138790213752,BTC,1.8338263575495607e-05,SGD to BTC,0,0
1_trade3,59811.514964738286,AUD,53622.71,BTC to AUD,-188.48503526171407,-0.0031414172543619014
