,new_amount,denomination,swap_rate,direction,profit,percent
0_trade1,1.1117079335739686,BTC,1.8528465559566145e-05,AUD to BTC,0,0
0_trade2,60712.83824408696,SGD,54612.22,BTC to SGD,0,0
0_trade3,59808.53322177374,AUD,0.9851052092363464,SGD to AUD,-191.46677822626225,-0.003191112970437704
1_trade1,60899.4,SGD,1.01499,AUD to SGD,0,0
1_trade2,1.110818659529632,BTC,1.8240223377071565e-05,SGD to BTC,0,0
1_trade3,59835.62451070145,AUD,53866.24,BTC to AUD,-164.37548929855257,-0.0027395914883092095
