,new_amount,denomination,swap_rate,direction,profit,percent
0_trade1,1.109732166141702,BTC,1.8495536102361697e-05,AUD to BTC,0,0
0_trade2,60620.68429784473,SGD,54626.41,BTC to SGD,0,0
0_trade3,59751.89179120067,AUD,0.9856683817296509,SGD to AUD,-248.10820879932726,-0.004135136813322121
1_trade1,60864.0,SGD,1.0144,AUD to SGD,0,0
1_trade2,1.1098253753665595,BTC,1.8234512607889054e-05,SGD to BTC,0,0
1_trade3,59930.57026979421,AUD,54000.0,BTC to AUD,-69.42973020578938,-0.0011571621700964896
