,new_amount,denomination,swap_rate,direction,profit,percent
0_trade1,1.112846533455227,BTC,1.8547442224253785e-05,AUD to BTC,0,0
0_trade2,60645.52888866137,SGD,54495.86,BTC to SGD,0,0
0_trade3,59764.009744923744,AUD,0.9854644000985464,SGD to AUD,-235.9902550762563,-0.003933170917937605
1_trade1,60876.0,SGD,1.0146,AUD to SGD,0,0
1_trade2,1.1125278538589143,BTC,1.8275311351910674e-05,SGD to BTC,0,0
1_trade3,59851.89585996579,AUD,53798.11,BTC to AUD,-148.10414003420738,-0.0024684023339034563
