,new_amount,denomination,swap_rate,direction,profit,percent
0_trade1,1.1088713962372667,BTC,1.848118993728778e-05,AUD to BTC,0,0
0_trade2,60688.27647564447,SGD,54729.77,BTC to SGD,0,0
0_trade3,59816.74647943904,AUD,0.9856392363267197,SGD to AUD,-183.25352056096017,-0.0030542253426826694
1_trade1,60865.200000000004,SGD,1.01442,AUD to SGD,0,0
1_trade2,1.1075858783401027,BTC,1.8197358726170332e-05,SGD to BTC,0,0
1_trade3,59845.53428868255,AUD,54032.41,BTC to AUD,-154.46571131744713,-0.0025744285219574522
