,new_amount,denomination,swap_rate,direction,profit,percent
0_trade1,1.111298591299384,BTC,1.8521643188323068e-05,AUD to BTC,0,0
0_trade2,60675.925142186024,SGD,54599.12,BTC to SGD,0,0
0_trade3,59785.12675355801,AUD,0.9853187506158243,SGD to AUD,-214.87324644198816,-0.003581220774033136
1_trade1,60886.2,SGD,1.01477,AUD to SGD,0,0
1_trade2,1.110703092121141,BTC,1.8242279730400995e-05,SGD to BTC,0,0
1_trade3,59825.167550158505,AUD,53862.43,BTC to AUD,-174.83244984149496,-0.002913874164024916
