,new_amount,denomination,swap_rate,direction,profit,percent
0_trade1,1.110522123081388,BTC,1.8508702051356465e-05,AUD to BTC,0,0
0_trade2,60706.20322850991,SGD,54664.56,BTC to SGD,0,0
0_trade3,59815.54969357261,AUD,0.9853284592418882,SGD to AUD,-184.45030642738857,-0.0030741717737898097
1_trade1,60886.8,SGD,1.01478,AUD to SGD,0,0
1_trade2,1.1095398839413861,BTC,1.8222995525161218e-05,SGD to BTC,0,0
1_trade3,59846.7062173945,AUD,53938.31,BTC to AUD,-153.29378260549856,-0.0025548963767583095
