,new_amount,denomination,swap_rate,direction,profit,percent
0_trade1,1.1089468165740974,BTC,1.8482446942901624e-05,AUD to BTC,0,0
0_trade2,60692.5151080142,SGD,54729.87,BTC to SGD,0,0
0_trade3,59826.231279092935,AUD,0.9857266777068054,SGD to AUD,-173.76872090706456,-0.002896145348451076
1_trade1,60862.2,SGD,1.01437,AUD to SGD,0,0
1_trade2,1.1077697611264405,BTC,1.8201277001594433e-05,SGD to BTC,0,0
1_trade3,59855.4699187859,AUD,54032.41,BTC to AUD,-144.53008121409948,-0.002408834686901658
