,new_amount,denomination,swap_rate,direction,profit,percent
0_trade1,1.1135592918356803,BTC,1.855932153059467e-05,AUD to BTC,0,0
0_trade2,60688.98140504457,SGD,54500.0,BTC to SGD,0,0
0_trade3,59796.812955744856,AUD,0.9852993339376502,SGD to AUD,-203.18704425514443,-0.0033864507375857404
1_trade1,60886.2,SGD,1.01477,AUD to SGD,0,0
1_trade2,1.1090946151908267,BTC,1.821586197185613e-05,SGD to BTC,0,0
1_trade3,59656.74643716867,AUD,53788.69,BTC to AUD,-343.25356283132714,-0.005720892713855452
