,new_amount,denomination,swap_rate,direction,profit,percent
0_trade1,1.1105899564907875,BTC,1.850983260817979e-05,AUD to BTC,0,0
0_trade2,60692.23071988071,SGD,54648.64,BTC to SGD,0,0
0_trade3,59801.78218317325,AUD,0.9853284592418882,SGD to AUD,-198.21781682674919,-0.00330363028044582
1_trade1,60886.2,SGD,1.01477,AUD to SGD,0,0
1_trade2,1.1095289501440708,BTC,1.8222995525161218e-05,SGD to BTC,0,0
1_trade3,59846.11646684544,AUD,53938.31,BTC to AUD,-153.88353315456334,-0.0025647255525760556
