,new_amount,denomination,swap_rate,direction,profit,percent
0_trade1,1.1103114812313875,BTC,1.8505191353856456e-05,AUD to BTC,0,0
0_trade2,60682.00882734639,SGD,54653.14,BTC to SGD,0,0
0_trade3,59808.80034234811,AUD,0.9856100926473488,SGD to AUD,-191.1996576518868,-0.00318666096086478
1_trade1,60867.00000000001,SGD,1.01445,AUD to SGD,0,0
1_trade2,1.10940104701125,BTC,1.822664246654591e-05,SGD to BTC,0,0
1_trade3,59836.77690571396,AUD,53936.11,BTC to AUD,-163.22309428604058,-0.002720384904767343
