,new_amount,denomination,swap_rate,direction,profit,percent
0_trade1,1.1110609076182483,BTC,1.8517681793637473e-05,AUD to BTC,0,0
0_trade2,60703.74597888539,SGD,54635.84,BTC to SGD,0,0
0_trade3,59807.82476392184,AUD,0.9852410884943545,SGD to AUD,-192.1752360781611,-0.003202920601302685
1_trade1,60891.600000000006,SGD,1.01486,AUD to SGD,0,0
1_trade2,1.110232486310258,BTC,1.8232933381784315e-05,SGD to BTC,0,0
1_trade3,59844.12895614086,AUD,53902.34,BTC to AUD,-155.871043859137,-0.0025978507309856163
