,new_amount,denomination,swap_rate,direction,profit,percent
0_trade1,1.1090226571480484,BTC,1.8483710952467473e-05,AUD to BTC,0,0
0_trade2,60699.72675530098,SGD,54732.63,BTC to SGD,0,0
0_trade3,59827.44264158664,AUD,0.9856295215754302,SGD to AUD,-172.5573584133599,-0.0028759559735559983
1_trade1,60868.2,SGD,1.01447,AUD to SGD,0,0
1_trade2,1.1078789687884503,BTC,1.8201277001594433e-05,SGD to BTC,0,0
1_trade3,59861.370671954755,AUD,54032.41,BTC to AUD,-138.62932804524462,-0.002310488800754077
