,new_amount,denomination,swap_rate,direction,profit,percent
0_trade1,1.1131543677951086,BTC,1.855257279658514e-05,AUD to BTC,0,0
0_trade2,60692.3152275065,SGD,54522.82,BTC to SGD,0,0
0_trade3,59814.831647241466,AUD,0.9855420974306918,SGD to AUD,-185.16835275853373,-0.003086139212642229
1_trade1,60873.59999999999,SGD,1.01456,AUD to SGD,0,0
1_trade2,1.1120968225178705,BTC,1.8268951113748336e-05,SGD to BTC,0,0
1_trade3,59865.61768200625,AUD,53831.3,BTC to AUD,-134.38231799375353,-0.0022397052998958922
