,new_amount,denomination,swap_rate,direction,profit,percent
0_trade1,1.1132342962995534,BTC,1.855390493832589e-05,AUD to BTC,0,0
0_trade2,60696.68428731018,SGD,54522.83,BTC to SGD,0,0
0_trade3,59813.24269273844,AUD,0.9854449776796713,SGD to AUD,-186.75730726156326,-0.003112621787692721
1_trade1,60878.4,SGD,1.01464,AUD to SGD,0,0
1_trade2,1.111948057071759,BTC,1.8265067036449036e-05,SGD to BTC,0,0
1_trade3,59857.60944464699,AUD,53831.3,BTC to AUD,-142.39055535301304,-0.0023731759225502176
