,new_amount,denomination,swap_rate,direction,profit,percent
0_trade1,1.1185915887878344,BTC,1.8643193146463908e-05,AUD to BTC,0,0
0_trade2,60660.60663459042,SGD,54229.45,BTC to SGD,0,0
0_trade3,59822.493500646364,AUD,0.9861835682093865,SGD to AUD,-177.50649935363617,-0.0029584416558939364
1_trade1,60833.399999999994,SGD,1.01389,AUD to SGD,0,0
1_trade2,1.117452930178801,BTC,1.8369069132726446e-05,SGD to BTC,0,0
1_trade3,59852.91327547323,AUD,53561.91,BTC to AUD,-147.08672452677274,-0.002451445408779546
