,new_amount,denomination,swap_rate,direction,profit,percent
0_trade1,1.1139072245237815,BTC,1.856512040872969e-05,AUD to BTC,0,0
0_trade2,60707.94373654609,SGD,54500.0,BTC to SGD,0,0
0_trade3,59820.80125395002,AUD,0.9853867150163083,SGD to AUD,-179.1987460499804,-0.002986645767499673
1_trade1,60877.799999999996,SGD,1.01463,AUD to SGD,0,0
1_trade2,1.1088698954258553,BTC,1.8214684095447857e-05,SGD to BTC,0,0
1_trade3,59703.772909518906,AUD,53842.0,BTC to AUD,-296.2270904810939,-0.004937118174684898
