,new_amount,denomination,swap_rate,direction,profit,percent
0_trade1,1.1133768329661973,BTC,1.855628054943662e-05,AUD to BTC,0,0
0_trade2,60704.45578975437,SGD,54522.83,BTC to SGD,0,0
0_trade3,59822.080108159025,AUD,0.9854644000985464,SGD to AUD,-177.91989184097474,-0.0029653315306829124
1_trade1,60876.6,SGD,1.01461,AUD to SGD,0,0
1_trade2,1.1121725571440708,BTC,1.8269294887429173e-05,SGD to BTC,0,0
1_trade3,59833.56008900801,AUD,53798.81,BTC to AUD,-166.43991099199047,-0.0027739985165331745
