,new_amount,denomination,swap_rate,direction,profit,percent
0_trade1,1.109437709233018,BTC,1.849062848721697e-05,AUD to BTC,0,0
0_trade2,60688.81659053151,SGD,54702.32,BTC to SGD,0,0
0_trade3,59815.51014245172,AUD,0.9856100926473488,SGD to AUD,-184.48985754828027,-0.0030748309591380044
1_trade1,60866.4,SGD,1.01444,AUD to SGD,0,0
1_trade2,1.108425423797027,BTC,1.82107932093409e-05,SGD to BTC,0,0
1_trade3,59842.1705713946,AUD,53988.45,BTC to AUD,-157.8294286054006,-0.0026304904767566768
