,new_amount,denomination,swap_rate,direction,profit,percent
0_trade1,1.108154391024836,BTC,1.8469239850413933e-05,AUD to BTC,0,0
0_trade2,60692.851369900454,SGD,54769.31,BTC to SGD,0,0
0_trade3,59817.71815331742,AUD,0.9855809506913851,SGD to AUD,-182.28184668257745,-0.0030380307780429575
1_trade1,60871.200000000004,SGD,1.01452,AUD to SGD,0,0
1_trade2,1.107108800623039,BTC,1.8187727539838854e-05,SGD to BTC,0,0
1_trade3,59826.211074179926,AUD,54038.24,BTC to AUD,-173.78892582007393,-0.0028964820970012323
