,new_amount,denomination,swap_rate,direction,profit,percent
0_trade1,1.1144437105626233,BTC,1.8574061842710388e-05,AUD to BTC,0,0
0_trade2,60615.262083727415,SGD,54390.6,BTC to SGD,0,0
0_trade3,59787.20923581143,AUD,0.9863392020515857,SGD to AUD,-212.79076418856857,-0.003546512736476143
1_trade1,60824.40000000001,SGD,1.01374,AUD to SGD,0,0
1_trade2,1.1104554911538775,BTC,1.8256743858613933e-05,SGD to BTC,0,0
1_trade3,59785.26906504295,AUD,53838.51,BTC to AUD,-214.7309349570496,-0.003578848915950827
