,new_amount,denomination,swap_rate,direction,profit,percent
0_trade1,1.1088853318311633,BTC,1.8481422197186057e-05,AUD to BTC,0,0
0_trade2,60692.36582348874,SGD,54732.77,BTC to SGD,0,0
0_trade3,59820.18748988619,AUD,0.9856295215754302,SGD to AUD,-179.81251011380664,-0.002996875168563444
1_trade1,60865.200000000004,SGD,1.01442,AUD to SGD,0,0
1_trade2,1.1075858783401027,BTC,1.8197358726170332e-05,SGD to BTC,0,0
1_trade3,59845.53428868255,AUD,54032.41,BTC to AUD,-154.46571131744713,-0.0025744285219574522
