,new_amount,denomination,swap_rate,direction,profit,percent
0_trade1,1.1117886845483054,BTC,1.852981140913842e-05,AUD to BTC,0,0
0_trade2,60689.62028525163,SGD,54587.37,BTC to SGD,0,0
0_trade3,59785.07214371718,AUD,0.9850955050092105,SGD to AUD,-214.92785628281854,-0.003582130938046976
1_trade1,60900.6,SGD,1.01501,AUD to SGD,0,0
1_trade2,1.1113978290544635,BTC,1.8249374046470207e-05,SGD to BTC,0,0
1_trade3,59854.78575683805,AUD,53855.41,BTC to AUD,-145.21424316195044,-0.002420237386032507
