,new_amount,denomination,swap_rate,direction,profit,percent
0_trade1,1.108225824653924,BTC,1.8470430410898736e-05,AUD to BTC,0,0
0_trade2,60695.46711626156,SGD,54768.14,BTC to SGD,0,0
0_trade3,59816.16942570372,AUD,0.9855129594954174,SGD to AUD,-183.8305742962766,-0.0030638429049379434
1_trade1,60875.40000000001,SGD,1.01459,AUD to SGD,0,0
1_trade2,1.107202708704748,BTC,1.818801533467949e-05,SGD to BTC,0,0
1_trade3,59832.24896799384,AUD,54039.11,BTC to AUD,-167.75103200616286,-0.002795850533436048
