,new_amount,denomination,swap_rate,direction,profit,percent
0_trade1,1.1109471435419624,BTC,1.8515785725699373e-05,AUD to BTC,0,0
0_trade2,60681.46608732008,SGD,54621.38,BTC to SGD,0,0
0_trade3,59810.623410463726,AUD,0.9856489512695159,SGD to AUD,-189.37658953627397,-0.003156276492271233
1_trade1,60864.6,SGD,1.01441,AUD to SGD,0,0
1_trade2,1.109836316074124,BTC,1.8234512607889054e-05,SGD to BTC,0,0
1_trade3,59838.0679978104,AUD,53916.12,BTC to AUD,-161.93200218959828,-0.0026988667031599715
