,new_amount,denomination,swap_rate,direction,profit,percent
0_trade1,1.1117474836058936,BTC,1.8529124726764895e-05,AUD to BTC,0,0
0_trade2,60687.34899921418,SGD,54587.35,BTC to SGD,0,0
0_trade3,59788.7244704237,AUD,0.9851925558850476,SGD to AUD,-211.27552957629814,-0.0035212588262716355
1_trade1,60894.6,SGD,1.01491,AUD to SGD,0,0
1_trade2,1.1112883328101846,BTC,1.8249374046470207e-05,SGD to BTC,0,0
1_trade3,59825.773994386494,AUD,53834.61,BTC to AUD,-174.22600561350555,-0.0029037667602250924
