,new_amount,denomination,swap_rate,direction,profit,percent
0_trade1,1.1098288477442453,BTC,1.8497147462404086e-05,AUD to BTC,0,0
0_trade2,60696.93922151796,SGD,54690.36,BTC to SGD,0,0
0_trade3,59815.262255866495,AUD,0.9854741115950885,SGD to AUD,-184.73774413350475,-0.003078962402225079
1_trade1,60878.4,SGD,1.01464,AUD to SGD,0,0
1_trade2,1.108540190099245,BTC,1.820908877531678e-05,SGD to BTC,0,0
1_trade3,59861.17026535924,AUD,54000.0,BTC to AUD,-138.8297346407635,-0.0023138289106793917
