,new_amount,denomination,swap_rate,direction,profit,percent
0_trade1,1.1088240588208989,BTC,1.8480400980348313e-05,AUD to BTC,0,0
0_trade2,60694.65609637013,SGD,54737.86,BTC to SGD,0,0
0_trade3,59824.80345414683,AUD,0.9856683817296509,SGD to AUD,-175.1965458531704,-0.002919942430886173
1_trade1,60864.0,SGD,1.0144,AUD to SGD,0,0
1_trade2,1.107564041509631,BTC,1.8197358726170332e-05,SGD to BTC,0,0
1_trade3,59844.35439210541,AUD,54032.41,BTC to AUD,-155.6456078945921,-0.0025940934649098684
