,new_amount,denomination,swap_rate,direction,profit,percent
0_trade1,1.113450594526945,BTC,1.8557509908782416e-05,AUD to BTC,0,0
0_trade2,60683.057401718506,SGD,54500.0,BTC to SGD,0,0
0_trade3,59793.33261244532,AUD,0.985338168059278,SGD to AUD,-206.66738755467668,-0.0034444564592446113
1_trade1,60883.799999999996,SGD,1.01473,AUD to SGD,0,0
1_trade2,1.1090510991453117,BTC,1.821586529003301e-05,SGD to BTC,0,0
1_trade3,59642.11747990791,AUD,53777.61,BTC to AUD,-357.882520092091,-0.005964708668201517
