,new_amount,denomination,swap_rate,direction,profit,percent
0_trade1,1.1107416866538462,BTC,1.8512361444230772e-05,AUD to BTC,0,0
0_trade2,60687.060377696595,SGD,54636.52,BTC to SGD,0,0
0_trade3,59806.11628482118,AUD,0.9854838232830408,SGD to AUD,-193.8837151788175,-0.003231395252980292
1_trade1,60874.8,SGD,1.01458,AUD to SGD,0,0
1_trade2,1.1097693568111169,BTC,1.8230357336880233e-05,SGD to BTC,0,0
1_trade3,59936.390129574094,AUD,54007.97,BTC to AUD,-63.60987042590568,-0.001060164507098428
