,new_amount,denomination,swap_rate,direction,profit,percent
0_trade1,1.1171268391398794,BTC,1.8618780652331322e-05,AUD to BTC,0,0
0_trade2,60639.856739654155,SGD,54281.98,BTC to SGD,0,0
0_trade3,59809.10822638961,AUD,0.9863002889859848,SGD to AUD,-190.89177361039037,-0.003181529560173173
1_trade1,60824.40000000001,SGD,1.01374,AUD to SGD,0,0
1_trade2,1.115936128744982,BTC,1.8346849763334812e-05,SGD to BTC,0,0
1_trade3,59873.745171283445,AUD,53653.38,BTC to AUD,-126.2548287165555,-0.002104247145275925
