,new_amount,denomination,swap_rate,direction,profit,percent
0_trade1,1.1099193865549544,BTC,1.8498656442582575e-05,AUD to BTC,0,0
0_trade2,60709.76015012029,SGD,54697.45,BTC to SGD,0,0
0_trade3,59811.98229585944,AUD,0.9852119683549916,SGD to AUD,-188.01770414056227,-0.0031336284023427046
1_trade1,60891.600000000006,SGD,1.01486,AUD to SGD,0,0
1_trade2,1.1085738442069573,BTC,1.82056941221278e-05,SGD to BTC,0,0
1_trade3,59876.6673884132,AUD,54012.34,BTC to AUD,-123.3326115867967,-0.0020555435264466115
