,new_amount,denomination,swap_rate,direction,profit,percent
0_trade1,1.1081928698870753,BTC,1.8469881164784587e-05,AUD to BTC,0,0
0_trade2,60693.60683533363,SGD,54768.09,BTC to SGD,0,0
0_trade3,59823.76923071898,AUD,0.9856683817296509,SGD to AUD,-176.2307692810209,-0.002937179488017015
1_trade1,60865.200000000004,SGD,1.01442,AUD to SGD,0,0
1_trade2,1.1073426592510522,BTC,1.819336269742073e-05,SGD to BTC,0,0
1_trade3,59840.24363459724,AUD,54039.5,BTC to AUD,-159.75636540276173,-0.002662606090046029
