,new_amount,denomination,swap_rate,direction,profit,percent
0_trade1,1.1115993914363864,BTC,1.8526656523939775e-05,AUD to BTC,0,0
0_trade2,60679.28727211286,SGD,54587.37,BTC to SGD,0,0
0_trade3,59773.12667176884,AUD,0.9850663934749202,SGD to AUD,-226.87332823115867,-0.0037812221371859777
1_trade1,60903.0,SGD,1.01505,AUD to SGD,0,0
1_trade2,1.1110095624206118,BTC,1.8242279730400995e-05,SGD to BTC,0,0
1_trade3,59841.98586788831,AUD,53862.71,BTC to AUD,-158.01413211168983,-0.002633568868528164
