,new_amount,denomination,swap_rate,direction,profit,percent
0_trade1,1.1089138189143735,BTC,1.8481896981906223e-05,AUD to BTC,0,0
0_trade2,60681.33882861737,SGD,54721.42,BTC to SGD,0,0
0_trade3,59804.01394405804,AUD,0.9855420974306918,SGD to AUD,-195.98605594196124,-0.003266434265699354
1_trade1,60872.4,SGD,1.01454,AUD to SGD,0,0
1_trade2,1.1080681546996567,BTC,1.820312908148285e-05,SGD to BTC,0,0
1_trade3,59835.68035378146,AUD,54000.0,BTC to AUD,-164.31964621853695,-0.002738660770308949
