,new_amount,denomination,swap_rate,direction,profit,percent
0_trade1,1.1127998879781447,BTC,1.8546664799635743e-05,AUD to BTC,0,0
0_trade2,60575.49559006678,SGD,54435.21,BTC to SGD,0,0
0_trade3,59745.62880595211,AUD,0.9863002889859848,SGD to AUD,-254.37119404788973,-0.004239519900798162
1_trade1,60824.40000000001,SGD,1.01374,AUD to SGD,0,0
1_trade2,1.112763324568959,BTC,1.829468641809798e-05,SGD to BTC,0,0
1_trade3,59909.530505072384,AUD,53838.52,BTC to AUD,-90.46949492761632,-0.001507824915460272
