,new_amount,denomination,swap_rate,direction,profit,percent
0_trade1,1.1144958763652575,BTC,1.857493127275429e-05,AUD to BTC,0,0
0_trade2,60635.21806969315,SGD,54405.96,BTC to SGD,0,0
0_trade3,59809.25229549239,AUD,0.9863781181878261,SGD to AUD,-190.74770450760843,-0.0031791284084601405
1_trade1,60820.799999999996,SGD,1.01368,AUD to SGD,0,0
1_trade2,1.113248785866429,BTC,1.8303751115842427e-05,SGD to BTC,0,0
1_trade3,59855.92501231385,AUD,53766.89,BTC to AUD,-144.07498768615187,-0.0024012497947691978
