,new_amount,denomination,swap_rate,direction,profit,percent
0_trade1,1.1127687243738635,BTC,1.854614540623106e-05,AUD to BTC,0,0
0_trade2,60610.37590069355,SGD,54468.08,BTC to SGD,0,0
0_trade3,59780.03126640322,AUD,0.9863002889859848,SGD to AUD,-219.96873359678284,-0.0036661455599463805
1_trade1,60826.200000000004,SGD,1.01377,AUD to SGD,0,0
1_trade2,1.1120034588886767,BTC,1.828165262483398e-05,SGD to BTC,0,0
1_trade3,59868.62046144719,AUD,53838.52,BTC to AUD,-131.37953855280648,-0.002189658975880108
