,new_amount,denomination,swap_rate,direction,profit,percent
0_trade1,1.1089138189143735,BTC,1.8481896981906223e-05,AUD to BTC,0,0
0_trade2,60620.8475797956,SGD,54666.87,BTC to SGD,0,0
0_trade3,59752.6416959534,AUD,0.9856780972470012,SGD to AUD,-247.35830404659646,-0.004122638400776608
1_trade1,60864.6,SGD,1.01441,AUD to SGD,0,0
1_trade2,1.1047381808664225,BTC,1.8150750696898074e-05,SGD to BTC,0,0
1_trade3,59655.86176678682,AUD,54000.0,BTC to AUD,-344.1382332131834,-0.0057356372202197236
