,new_amount,denomination,swap_rate,direction,profit,percent
0_trade1,1.1107534073749212,BTC,1.8512556789582022e-05,AUD to BTC,0,0
0_trade2,60713.1036875347,SGD,54659.39,BTC to SGD,0,0
0_trade3,59809.38389685325,AUD,0.9851149136546778,SGD to AUD,-190.61610314674908,-0.003176935052445818
1_trade1,60899.4,SGD,1.01499,AUD to SGD,0,0
1_trade2,1.1097126690529064,BTC,1.8222062434981402e-05,SGD to BTC,0,0
1_trade3,59901.468688100795,AUD,53979.26,BTC to AUD,-98.53131189920532,-0.001642188531653422
