,new_amount,denomination,swap_rate,direction,profit,percent
0_trade1,1.1139074313220372,BTC,1.8565123855367286e-05,AUD to BTC,0,0
0_trade2,60707.95500705102,SGD,54500.0,BTC to SGD,0,0
0_trade3,59818.45458733732,AUD,0.9853478770679989,SGD to AUD,-181.54541266267915,-0.003025756877711319
1_trade1,60880.2,SGD,1.01467,AUD to SGD,0,0
1_trade2,1.1090168346672276,BTC,1.821637962206477e-05,SGD to BTC,0,0
1_trade3,59711.68441215286,AUD,53842.0,BTC to AUD,-288.31558784713707,-0.004805259797452285
