,new_amount,denomination,swap_rate,direction,profit,percent
0_trade1,1.1143735428405122,BTC,1.8572892380675202e-05,AUD to BTC,0,0
0_trade2,60628.56239683919,SGD,54405.96,BTC to SGD,0,0
0_trade3,59802.68728542743,AUD,0.9863781181878261,SGD to AUD,-197.31271457256662,-0.00328854524287611
1_trade1,60821.4,SGD,1.01369,AUD to SGD,0,0
1_trade2,1.1132597681170986,BTC,1.8303751115842427e-05,SGD to BTC,0,0
1_trade3,59854.28897424131,AUD,53764.89,BTC to AUD,-145.71102575869008,-0.002428517095978168
