,new_amount,denomination,swap_rate,direction,profit,percent
0_trade1,1.1076975564745752,BTC,1.846162594124292e-05,AUD to BTC,0,0
0_trade2,60689.06541895614,SGD,54788.48,BTC to SGD,0,0
0_trade3,59810.44990978144,AUD,0.9855226719490681,SGD to AUD,-189.5500902185595,-0.0031591681703093248
1_trade1,60873.59999999999,SGD,1.01456,AUD to SGD,0,0
1_trade2,1.1064493256365704,BTC,1.817617695744248e-05,SGD to BTC,0,0
1_trade3,59829.04544963953,AUD,54073.01,BTC to AUD,-170.9545503604677,-0.002849242506007795
