,new_amount,denomination,swap_rate,direction,profit,percent
0_trade1,1.1095298256410864,BTC,1.8492163760684773e-05,AUD to BTC,0,0
0_trade2,60685.01261905255,SGD,54694.35,BTC to SGD,0,0
0_trade3,59817.6565983761,AUD,0.9857072449482505,SGD to AUD,-182.34340162389708,-0.003039056693731618
1_trade1,60862.2,SGD,1.01437,AUD to SGD,0,0
1_trade2,1.1083479292708005,BTC,1.821077662770653e-05,SGD to BTC,0,0
1_trade3,59818.43550456781,AUD,53970.81,BTC to AUD,-181.5644954321906,-0.003026074923869843
