,new_amount,denomination,swap_rate,direction,profit,percent
0_trade1,1.1076380504684202,BTC,1.846063417447367e-05,AUD to BTC,0,0
0_trade2,60685.572571337434,SGD,54788.27,BTC to SGD,0,0
0_trade3,59809.36536868618,AUD,0.9855615236781156,SGD to AUD,-190.63463131382014,-0.0031772438552303355
1_trade1,60871.200000000004,SGD,1.01452,AUD to SGD,0,0
1_trade2,1.1064057028118728,BTC,1.817617695744248e-05,SGD to BTC,0,0
1_trade3,59826.686632203426,AUD,54073.01,BTC to AUD,-173.3133677965743,-0.002888556129942905
