,new_amount,denomination,swap_rate,direction,profit,percent
0_trade1,1.1128570601877612,BTC,1.854761766979602e-05,AUD to BTC,0,0
0_trade2,60701.56734788356,SGD,54545.7,BTC to SGD,0,0
0_trade3,59811.57116889047,AUD,0.985338168059278,SGD to AUD,-188.4288311095297,-0.0031404805184921617
1_trade1,60886.2,SGD,1.01477,AUD to SGD,0,0
1_trade2,1.1081408389490042,BTC,1.8200197071733893e-05,SGD to BTC,0,0
1_trade3,59639.49723054881,AUD,53819.42,BTC to AUD,-360.5027694511882,-0.006008379490853137
