,new_amount,denomination,swap_rate,direction,profit,percent
0_trade1,1.1102475852115021,BTC,1.8504126420191702e-05,AUD to BTC,0,0
0_trade2,60678.516709226154,SGD,54653.14,BTC to SGD,0,0
0_trade3,59807.71635903855,AUD,0.9856489512695159,SGD to AUD,-192.2836409614465,-0.003204727349357442
1_trade1,60865.200000000004,SGD,1.01442,AUD to SGD,0,0
1_trade2,1.109088868221032,BTC,1.8222052473680067e-05,SGD to BTC,0,0
1_trade3,59819.78392370354,AUD,53935.97,BTC to AUD,-180.21607629646314,-0.0030036012716077192
