,new_amount,denomination,swap_rate,direction,profit,percent
0_trade1,1.113360718295801,BTC,1.8556011971596684e-05,AUD to BTC,0,0
0_trade2,60703.57717231985,SGD,54522.83,BTC to SGD,0,0
0_trade3,59824.1619910514,AUD,0.9855129594954174,SGD to AUD,-175.83800894860178,-0.0029306334824766964
1_trade1,60876.0,SGD,1.0146,AUD to SGD,0,0
1_trade2,1.1121918708194147,BTC,1.8269792213999192e-05,SGD to BTC,0,0
1_trade3,59858.333316281525,AUD,53820.15,BTC to AUD,-141.66668371847481,-0.0023611113953079135
