,new_amount,denomination,swap_rate,direction,profit,percent
0_trade1,1.1097855339455651,BTC,1.8496425565759417e-05,AUD to BTC,0,0
0_trade2,60717.25439058903,SGD,54710.8,BTC to SGD,0,0
0_trade3,59812.294376670005,AUD,0.9850955050092105,SGD to AUD,-187.70562332999543,-0.0031284270554999237
1_trade1,60901.200000000004,SGD,1.01502,AUD to SGD,0,0
1_trade2,1.1084751722834976,BTC,1.8201204118859687e-05,SGD to BTC,0,0
1_trade3,59871.337886934845,AUD,54012.34,BTC to AUD,-128.6621130651547,-0.0021443685510859115
