,new_amount,denomination,swap_rate,direction,profit,percent
0_trade1,1.1143609177282194,BTC,1.857268196213699e-05,AUD to BTC,0,0
0_trade2,60627.8755154848,SGD,54405.96,BTC to SGD,0,0
0_trade3,59802.59964044663,AUD,0.9863878477017163,SGD to AUD,-197.40035955337225,-0.0032900059925562043
1_trade1,60820.200000000004,SGD,1.01367,AUD to SGD,0,0
1_trade2,1.113238007380074,BTC,1.830375446611609e-05,SGD to BTC,0,0
1_trade3,59853.02995156828,AUD,53764.81,BTC to AUD,-146.9700484317218,-0.0024495008071953634
