,new_amount,denomination,swap_rate,direction,profit,percent
0_trade1,1.1087597192029053,BTC,1.8479328653381755e-05,AUD to BTC,0,0
0_trade2,60685.33547003651,SGD,54732.63,BTC to SGD,0,0
0_trade3,59819.154118402046,AUD,0.9857266777068054,SGD to AUD,-180.84588159795385,-0.003014098026632564
1_trade1,60862.2,SGD,1.01437,AUD to SGD,0,0
1_trade2,1.1077697611264405,BTC,1.8201277001594433e-05,SGD to BTC,0,0
1_trade3,59855.4699187859,AUD,54032.41,BTC to AUD,-144.53008121409948,-0.002408834686901658
