,new_amount,denomination,swap_rate,direction,profit,percent
0_trade1,1.1110676971696105,BTC,1.851779495282684e-05,AUD to BTC,0,0
0_trade2,60704.11693172729,SGD,54635.84,BTC to SGD,0,0
0_trade3,59807.01175539635,AUD,0.9852216748768474,SGD to AUD,-192.98824460364995,-0.0032164707433941656
1_trade1,60892.2,SGD,1.01487,AUD to SGD,0,0
1_trade2,1.110243426070287,BTC,1.8232933381784315e-05,SGD to BTC,0,0
1_trade3,59844.596508028604,AUD,53902.23,BTC to AUD,-155.40349197139585,-0.0025900581995232643
