,new_amount,denomination,swap_rate,direction,profit,percent
0_trade1,1.1089664931318932,BTC,1.8482774885531554e-05,AUD to BTC,0,0
0_trade2,60693.48110681509,SGD,54729.77,BTC to SGD,0,0
0_trade3,59824.234972662314,AUD,0.9856780972470012,SGD to AUD,-175.76502733768575,-0.0029294171222947626
1_trade1,60864.6,SGD,1.01441,AUD to SGD,0,0
1_trade2,1.1075749599248668,BTC,1.8197358726170332e-05,SGD to BTC,0,0
1_trade3,59844.94434039397,AUD,54032.41,BTC to AUD,-155.0556596060269,-0.0025842609934337815
