,new_amount,denomination,swap_rate,direction,profit,percent
0_trade1,1.1082074024929864,BTC,1.847012337488311e-05,AUD to BTC,0,0
0_trade2,60649.50927652712,SGD,54727.58,BTC to SGD,0,0
0_trade3,59785.01791744093,AUD,0.9857461112315913,SGD to AUD,-214.9820825590723,-0.0035830347093178715
1_trade1,60861.00000000001,SGD,1.01435,AUD to SGD,0,0
1_trade2,1.1066117236730835,BTC,1.8182608298796984e-05,SGD to BTC,0,0
1_trade3,59753.76857376168,AUD,53997.05,BTC to AUD,-246.23142623832246,-0.004103857103972041
