,new_amount,denomination,swap_rate,direction,profit,percent
0_trade1,1.1089220169073644,BTC,1.848203361512274e-05,AUD to BTC,0,0
0_trade2,60691.04693327616,SGD,54729.77,BTC to SGD,0,0
0_trade3,59823.01498583174,AUD,0.9856975288562951,SGD to AUD,-176.98501416826184,-0.002949750236137697
1_trade1,60865.200000000004,SGD,1.01442,AUD to SGD,0,0
1_trade2,1.1075858783401027,BTC,1.8197358726170332e-05,SGD to BTC,0,0
1_trade3,59845.53428868255,AUD,54032.41,BTC to AUD,-154.46571131744713,-0.0025744285219574522
