,new_amount,denomination,swap_rate,direction,profit,percent
0_trade1,1.110558710981908,BTC,1.8509311849698464e-05,AUD to BTC,0,0
0_trade2,60677.09654049857,SGD,54636.55,BTC to SGD,0,0
0_trade3,59804.54818251566,AUD,0.9856198070156417,SGD to AUD,-195.4518174843397,-0.0032575302914056616
1_trade1,60866.4,SGD,1.01444,AUD to SGD,0,0
1_trade2,1.109616221809487,BTC,1.8230357336880233e-05,SGD to BTC,0,0
1_trade3,59928.11961900012,AUD,54007.97,BTC to AUD,-71.88038099987898,-0.001198006349997983
