,new_amount,denomination,swap_rate,direction,profit,percent
0_trade1,1.11178889056069,BTC,1.8529814842678166e-05,AUD to BTC,0,0
0_trade2,60689.6315309259,SGD,54587.37,BTC to SGD,0,0
0_trade3,59785.083221780355,AUD,0.9850955050092105,SGD to AUD,-214.9167782196455,-0.0035819463036607583
1_trade1,60898.8,SGD,1.01498,AUD to SGD,0,0
1_trade2,1.1113649801811798,BTC,1.8249374046470207e-05,SGD to BTC,0,0
1_trade3,59853.016667299315,AUD,53855.41,BTC to AUD,-146.98333270068542,-0.0024497222116780905
