,new_amount,denomination,swap_rate,direction,profit,percent
0_trade1,1.112252405662922,BTC,1.853754009438203e-05,AUD to BTC,0,0
0_trade2,60685.06962421996,SGD,54560.52,BTC to SGD,0,0
0_trade3,59788.83498775354,AUD,0.9852313815899664,SGD to AUD,-211.16501224646345,-0.003519416870774391
1_trade1,60892.2,SGD,1.01487,AUD to SGD,0,0
1_trade2,1.1117099412744784,BTC,1.8257017175836618e-05,SGD to BTC,0,0
1_trade3,59831.806589614745,AUD,53819.62,BTC to AUD,-168.19341038525454,-0.0028032235064209088
