,new_amount,denomination,swap_rate,direction,profit,percent
0_trade1,1.1089664931318932,BTC,1.8482774885531554e-05,AUD to BTC,0,0
0_trade2,60693.48110681509,SGD,54729.77,BTC to SGD,0,0
0_trade3,59823.05564714906,AUD,0.9856586664038243,SGD to AUD,-176.9443528509364,-0.0029490725475156067
1_trade1,60865.799999999996,SGD,1.01443,AUD to SGD,0,0
1_trade2,1.1075967967553382,BTC,1.8197358726170332e-05,SGD to BTC,0,0
1_trade3,59846.1242369711,AUD,54032.41,BTC to AUD,-153.87576302889647,-0.0025645960504816078
