,new_amount,denomination,swap_rate,direction,profit,percent
0_trade1,1.109571888330466,BTC,1.8492864805507765e-05,AUD to BTC,0,0
0_trade2,60679.29100575479,SGD,54687.12,BTC to SGD,0,0
0_trade3,59807.300563538396,AUD,0.9856295215754302,SGD to AUD,-192.6994364616039,-0.003211657274360065
1_trade1,60865.799999999996,SGD,1.01443,AUD to SGD,0,0
1_trade2,1.10841348806666,BTC,1.821077662770653e-05,SGD to BTC,0,0
1_trade3,59808.75039297034,AUD,53958.88,BTC to AUD,-191.249607029662,-0.0031874934504943666
