,new_amount,denomination,swap_rate,direction,profit,percent
0_trade1,1.1139510674714592,BTC,1.856585112452432e-05,AUD to BTC,0,0
0_trade2,60689.30178104067,SGD,54481.12,BTC to SGD,0,0
0_trade3,59805.378289915716,AUD,0.9854352667573267,SGD to AUD,-194.62171008428413,-0.0032436951680714023
1_trade1,60880.2,SGD,1.01467,AUD to SGD,0,0
1_trade2,1.1127752318395971,BTC,1.8278113932602014e-05,SGD to BTC,0,0
1_trade3,59865.983270444434,AUD,53798.81,BTC to AUD,-134.0167295555657,-0.002233612159259428
