,new_amount,denomination,swap_rate,direction,profit,percent
0_trade1,1.111298591299384,BTC,1.8521643188323068e-05,AUD to BTC,0,0
0_trade2,60675.925142186024,SGD,54599.12,BTC to SGD,0,0
0_trade3,59782.18152833738,AUD,0.9852702103551899,SGD to AUD,-217.81847166262014,-0.003630307861043669
1_trade1,60890.4,SGD,1.01484,AUD to SGD,0,0
1_trade2,1.1107797096960088,BTC,1.8242279730400995e-05,SGD to BTC,0,0
1_trade3,59829.16106535643,AUD,53862.31,BTC to AUD,-170.83893464357243,-0.002847315577392874
