,new_amount,denomination,swap_rate,direction,profit,percent
0_trade1,1.1144604776094675,BTC,1.8574341293491124e-05,AUD to BTC,0,0
0_trade2,60633.29216640159,SGD,54405.96,BTC to SGD,0,0
0_trade3,59807.35262662786,AUD,0.9863781181878261,SGD to AUD,-192.6473733721432,-0.0032107895562023866
1_trade1,60821.4,SGD,1.01369,AUD to SGD,0,0
1_trade2,1.1132599718854332,BTC,1.830375446611609e-05,SGD to BTC,0,0
1_trade3,59854.2331342251,AUD,53764.83,BTC to AUD,-145.76686577490182,-0.00242944776291503
