,new_amount,denomination,swap_rate,direction,profit,percent
0_trade1,1.1095415208004824,BTC,1.849235868000804e-05,AUD to BTC,0,0
0_trade2,60675.12272916147,SGD,54684.86,BTC to SGD,0,0
0_trade3,59786.10337201954,AUD,0.9853478770679989,SGD to AUD,-213.89662798045902,-0.003564943799674317
1_trade1,60885.600000000006,SGD,1.01476,AUD to SGD,0,0
1_trade2,1.1088980519575131,BTC,1.8212813078256813e-05,SGD to BTC,0,0
1_trade3,59894.17860766686,AUD,54012.34,BTC to AUD,-105.82139233314228,-0.001763689872219038
