,new_amount,denomination,swap_rate,direction,profit,percent
0_trade1,1.1133991463568744,BTC,1.855665243928124e-05,AUD to BTC,0,0
0_trade2,60680.298012415515,SGD,54500.04,BTC to SGD,0,0
0_trade3,59788.257214771125,AUD,0.9852993339376502,SGD to AUD,-211.7427852288747,-0.003529046420481245
1_trade1,60885.600000000006,SGD,1.01476,AUD to SGD,0,0
1_trade2,1.109083887702834,BTC,1.821586529003301e-05,SGD to BTC,0,0
1_trade3,59649.95854987141,AUD,53783.09,BTC to AUD,-350.04145012859226,-0.005834024168809871
